date,service,daily_cost,is_anomaly,mean_cost,std_cost,z_score,predicted_anomaly
2026-02-03,CloudFront,11.94,0,12.15461111111111,9.695959900670308,-0.022134075770700583,0
2026-02-03,EC2,48.86,0,53.33305555555556,50.555400819931556,-0.08847829278394428,0
2026-02-03,Lambda,7.21,0,5.858611111111111,3.852479541654995,0.3507841830896116,0
2026-02-03,RDS,19.74,0,22.76383333333333,11.156127923764439,-0.2710468501254863,0
2026-02-03,S3,9.76,0,9.270777777777777,5.895418300136269,0.08298346229493411,0
2026-02-04,CloudFront,10.79,0,12.15461111111111,9.695959900670308,-0.1407401768459018,0
2026-02-04,EC2,45.2,0,53.33305555555556,50.555400819931556,-0.16087411876178986,0
2026-02-04,Lambda,4.81,0,5.858611111111111,3.852479541654995,-0.27219122120519723,0
2026-02-04,RDS,24.12,0,22.76383333333333,11.156127923764439,0.12156248798275304,0
2026-02-04,S3,8.98,0,9.270777777777777,5.895418300136269,-0.049322671093763704,0
2026-02-05,CloudFront,13.13,0,12.15461111111111,9.695959900670308,0.1005974549071164,0
2026-02-05,EC2,44.65,0,53.33305555555556,50.555400819931556,-0.17175327293878861,0
2026-02-05,Lambda,4.46,0,5.858611111111111,3.852479541654995,-0.3630418009981901,0
2026-02-05,RDS,27.31,0,22.76383333333333,11.156127923764439,0.4075039922214019,0
2026-02-05,S3,7.79,0,9.270777777777777,5.895418300136269,-0.2511743361354952,0
2026-02-06,CloudFront,13.7,0,12.15461111111111,9.695959900670308,0.15938482674438986,0
2026-02-06,EC2,44.65,0,53.33305555555556,50.555400819931556,-0.17175327293878861,0
2026-02-06,Lambda,5.58,0,5.858611111111111,3.852479541654995,-0.07231994566061264,0
2026-02-06,RDS,24.7,0,22.76383333333333,11.156127923764439,0.17355185238978,0
2026-02-06,S3,12.81,0,9.270777777777777,5.895418300136269,0.60033436849433,0
2026-02-07,CloudFront,7.16,0,12.15461111111111,9.695959900670308,-0.5151229132832758,0
2026-02-07,EC2,319.57,1,53.33305555555556,50.555400819931556,5.266241393134797,1
2026-02-07,Lambda,4.93,0,5.858611111111111,3.852479541654995,-0.2410424509904568,0
2026-02-07,RDS,17.96,0,22.76383333333333,11.156127923764439,-0.4306004167539485,0
2026-02-07,S3,8.28,0,9.270777777777777,5.895418300136269,-0.16805894464772356,0
2026-02-08,CloudFront,6.24,0,12.15461111111111,9.695959900670308,-0.6100077941434366,0
2026-02-08,EC2,37.26,0,53.33305555555556,50.555400819931556,-0.317929544517007,0
2026-02-08,Lambda,4.12,0,5.858611111111111,3.852479541654995,-0.45129664993995466,0
2026-02-08,RDS,15.07,0,22.76383333333333,11.156127923764439,-0.6896508704372387,0
2026-02-08,S3,7.81,0,9.270777777777777,5.895418300136269,-0.24778187117681072,0
2026-02-09,CloudFront,7.28,0,12.15461111111111,9.695959900670308,-0.5027466244754287,0
2026-02-09,EC2,42.66,0,53.33305555555556,50.555400819931556,-0.211116030779202,0
2026-02-09,Lambda,4.58,0,5.858611111111111,3.852479541654995,-0.3318930307834496,0
2026-02-09,RDS,20.44,0,22.76383333333333,11.156127923764439,-0.20830106549631539,0
2026-02-09,S3,9.18,0,9.270777777777777,5.895418300136269,-0.0153980215069182,0
2026-02-10,CloudFront,12.67,0,12.15461111111111,9.695959900670308,0.05315501447703585,0
2026-02-10,EC2,42.98,0,53.33305555555556,50.555400819931556,-0.20478634107622096,0
2026-02-10,Lambda,6.34,0,5.858611111111111,3.852479541654995,0.1249555990327434,0
2026-02-10,RDS,22.95,0,22.76383333333333,11.156127923764439,0.01668739081685341,0
2026-02-10,S3,7.65,0,9.270777777777777,5.895418300136269,-0.2749215908462871,0
2026-02-11,CloudFront,12.39,0,12.15461111111111,9.695959900670308,0.02427700725872607,0
2026-02-11,EC2,30.98,0,53.33305555555556,50.555400819931556,-0.44214970493800987,0
2026-02-11,Lambda,4.83,0,5.858611111111111,3.852479541654995,-0.2669997595027404,0
2026-02-11,RDS,20.81,0,22.76383333333333,11.156127923764439,-0.17513543647803972,0
2026-02-11,S3,10.88,0,9.270777777777777,5.895418300136269,0.2729614999812698,0
2026-02-12,CloudFront,17.23,0,12.15461111111111,9.695959900670308,0.5234539891752249,0
2026-02-12,EC2,51.46,0,53.33305555555556,50.555400819931556,-0.03704956394722331,0
2026-02-12,Lambda,5.56,0,5.858611111111111,3.852479541654995,-0.07751140736306951,0
2026-02-12,RDS,88.88,1,22.76383333333333,11.156127923764439,5.92644393453288,1
2026-02-12,S3,8.95,0,9.270777777777777,5.895418300136269,-0.05441136853179074,0
2026-02-13,CloudFront,11.69,0,12.15461111111111,9.695959900670308,-0.04791801078704866,0
2026-02-13,EC2,43.54,0,53.33305555555556,50.555400819931556,-0.19370938409600408,0
2026-02-13,Lambda,4.97,0,5.858611111111111,3.852479541654995,-0.23065952758554328,0
2026-02-13,RDS,21.44,0,22.76383333333333,11.156127923764439,-0.11866423031178591,0
2026-02-13,S3,9.91,0,9.270777777777777,5.895418300136269,0.1084269494850684,0
2026-02-14,CloudFront,8.33,0,12.15461111111111,9.695959900670308,-0.3944540974067668,0
2026-02-14,EC2,30.84,0,53.33305555555556,50.555400819931556,-0.4449189441830641,0
2026-02-14,Lambda,4.38,0,5.858611111111111,3.852479541654995,-0.38380764780801707,0
2026-02-14,RDS,10.82,0,22.76383333333333,11.156127923764439,-1.070607419971489,0
2026-02-14,S3,6.08,0,9.270777777777777,5.895418300136269,-0.5412300901030253,0
2026-02-15,CloudFront,8.95,0,12.15461111111111,9.695959900670308,-0.3305099385662236,0
2026-02-15,EC2,31.32,0,53.33305555555556,50.555400819931556,-0.4354244096285925,0
2026-02-15,Lambda,4.15,0,5.858611111111111,3.852479541654995,-0.44350945738626946,0
2026-02-15,RDS,19.0,0,22.76383333333333,11.156127923764439,-0.33737810816203795,0
2026-02-15,S3,7.11,0,9.270777777777777,5.895418300136269,-0.36651814473077027,0
2026-02-16,CloudFront,12.24,0,12.15461111111111,9.695959900670308,0.008806646248917187,0
2026-02-16,EC2,49.44,0,53.33305555555556,50.555400819931556,-0.07700573019729118,0
2026-02-16,Lambda,5.93,0,5.858611111111111,3.852479541654995,0.018530634132380208,0
2026-02-16,RDS,24.47,0,22.76383333333333,11.156127923764439,0.15293538029733816,0
2026-02-16,S3,8.33,0,9.270777777777777,5.895418300136269,-0.15957778225101205,0
2026-02-17,CloudFront,11.1,0,12.15461111111111,9.695959900670308,-0.10876809742563011,0
2026-02-17,EC2,46.7,0,53.33305555555556,50.555400819931556,-0.13120369827906625,0
2026-02-17,Lambda,8.71,0,5.858611111111111,3.852479541654995,0.7401438107738674,0
2026-02-17,RDS,19.66,0,22.76383333333333,11.156127923764439,-0.2782177969402485,0
2026-02-17,S3,8.39,0,9.270777777777777,5.895418300136269,-0.14940038737495825,0
2026-02-18,CloudFront,9.76,0,12.15461111111111,9.695959900670308,-0.2469699891132558,0
2026-02-18,EC2,43.04,0,53.33305555555556,50.555400819931556,-0.20359952425691197,0
2026-02-18,Lambda,4.48,0,5.858611111111111,3.852479541654995,-0.35785033929573323,0
2026-02-18,RDS,22.84,0,22.76383333333333,11.156127923764439,0.006827338946555218,0
2026-02-18,S3,9.6,0,9.270777777777777,5.895418300136269,0.0558437426254576,0
2026-02-19,CloudFront,11.56,0,12.15461111111111,9.695959900670308,-0.06132565699554956,0
2026-02-19,EC2,42.55,0,53.33305555555556,50.555400819931556,-0.2132918616146017,0
2026-02-19,Lambda,7.35,0,5.858611111111111,3.852479541654995,0.3871244150068087,0
2026-02-19,RDS,22.99,0,22.76383333333333,11.156127923764439,0.02027286422423451,0
2026-02-19,S3,6.7,0,9.270777777777777,5.895418300136269,-0.43606367638380383,0
2026-02-20,CloudFront,11.48,0,12.15461111111111,9.695959900670308,-0.06957651620078095,0
2026-02-20,EC2,51.45,0,53.33305555555556,50.555400819931556,-0.03724736675044142,0
2026-02-20,Lambda,2.69,0,5.858611111111111,3.852479541654995,-0.8224861616656116,0
2026-02-20,RDS,19.0,0,22.76383333333333,11.156127923764439,-0.33737810816203795,0
2026-02-20,S3,6.77,0,9.270777777777777,5.895418300136269,-0.42419004902840796,0
2026-02-21,CloudFront,8.46,0,12.15461111111111,9.695959900670308,-0.3810464511982657,0
2026-02-21,EC2,29.66,0,53.33305555555556,50.555400819931556,-0.4682596749628067,0
2026-02-21,Lambda,3.25,0,5.858611111111111,3.852479541654995,-0.6771252339968229,0
2026-02-21,RDS,16.44,0,22.76383333333333,11.156127923764439,-0.5668484062344333,0
2026-02-21,S3,5.88,0,9.270777777777777,5.895418300136269,-0.575154739689871,0
2026-02-22,CloudFront,9.89,0,12.15461111111111,9.695959900670308,-0.23356234290475472,0
2026-02-22,EC2,33.31,0,53.33305555555556,50.555400819931556,-0.39606165178817915,0
2026-02-22,Lambda,4.42,0,5.858611111111111,3.852479541654995,-0.3734247244031036,0
2026-02-22,RDS,17.07,0,22.76383333333333,11.156127923764439,-0.5103772000681798,0
2026-02-22,S3,6.53,0,9.270777777777777,5.895418300136269,-0.4648996285326226,0
2026-02-23,CloudFront,11.52,0,12.15461111111111,9.695959900670308,-0.06545108659816534,0
2026-02-23,EC2,44.68,0,53.33305555555556,50.555400819931556,-0.17115986452913412,0
2026-02-23,Lambda,5.58,0,5.858611111111111,3.852479541654995,-0.07231994566061264,0
2026-02-23,RDS,22.15,0,22.76383333333333,11.156127923764439,-0.05502207733077023,0
2026-02-23,S3,10.68,0,9.270777777777777,5.895418300136269,0.23903685039442396,0
2026-02-24,CloudFront,8.48,0,12.15461111111111,9.695959900670308,-0.37898373639695787,0
2026-02-24,EC2,48.24,0,53.33305555555556,50.555400819931556,-0.10074206658347,0
2026-02-24,Lambda,6.36,0,5.858611111111111,3.852479541654995,0.13014706073520027,0
2026-02-24,RDS,20.65,0,22.76383333333333,11.156127923764439,-0.18947733010756446,0
2026-02-24,S3,8.92,0,9.270777777777777,5.895418300136269,-0.059500065969817474,0
2026-02-25,CloudFront,37.12,1,12.15461111111111,9.695959900670308,2.574823859075878,0
2026-02-25,EC2,61.98,0,53.33305555555556,50.555400819931556,0.1710389850382783,0
2026-02-25,Lambda,5.33,0,5.858611111111111,3.852479541654995,-0.13721321694132188,0
2026-02-25,RDS,19.54,0,22.76383333333333,11.156127923764439,-0.28897421716239213,0
2026-02-25,S3,9.17,0,9.270777777777777,5.895418300136269,-0.017094253986260445,0
2026-02-26,CloudFront,11.07,0,12.15461111111111,9.695959900670308,-0.11186216962759181,0
2026-02-26,EC2,52.86,0,53.33305555555556,50.555400819931556,-0.009357171496681282,0
2026-02-26,Lambda,5.67,0,5.858611111111111,3.852479541654995,-0.048958367999557356,0
2026-02-26,RDS,22.03,0,22.76383333333333,11.156127923764439,-0.06577849755291354,0
2026-02-26,S3,8.7,0,9.270777777777777,5.895418300136269,-0.09681718051534777,0
2026-02-27,CloudFront,12.67,0,12.15461111111111,9.695959900670308,0.05315501447703585,0
2026-02-27,EC2,47.26,0,53.33305555555556,50.555400819931556,-0.12012674129884951,0
2026-02-27,Lambda,5.65,0,5.858611111111111,3.852479541654995,-0.054149829702013985,0
2026-02-27,RDS,21.03,0,22.76383333333333,11.156127923764439,-0.155415332737443,0
2026-02-27,S3,9.76,0,9.270777777777777,5.895418300136269,0.08298346229493411,0
2026-02-28,CloudFront,8.59,0,12.15461111111111,9.695959900670308,-0.3676388049897648,0
2026-02-28,EC2,37.75,0,53.33305555555556,50.555400819931556,-0.30823720715931724,0
2026-02-28,Lambda,4.28,0,5.858611111111111,3.852479541654995,-0.4097649563203007,0
2026-02-28,RDS,18.46,0,22.76383333333333,11.156127923764439,-0.38578199916168376,0
2026-02-28,S3,5.75,0,9.270777777777777,5.895418300136269,-0.5972057619213206,0
2026-03-01,CloudFront,3.59,0,12.15461111111111,9.695959900670308,-0.8833175053167264,0
2026-03-01,EC2,29.71,0,53.33305555555556,50.555400819931556,-0.4672706609467159,0
2026-03-01,Lambda,4.33,0,5.858611111111111,3.852479541654995,-0.3967863020641589,0
2026-03-01,RDS,20.57,0,22.76383333333333,11.156127923764439,-0.19664827692232664,0
2026-03-01,S3,6.66,0,9.270777777777777,5.895418300136269,-0.44284860630117295,0
2026-03-02,CloudFront,12.17,0,12.15461111111111,9.695959900670308,0.001587144444339695,0
2026-03-02,EC2,36.9,0,53.33305555555556,50.555400819931556,-0.32505044543286066,0
2026-03-02,Lambda,5.6,0,5.858611111111111,3.852479541654995,-0.06712848395815602,0
2026-03-02,RDS,26.19,0,22.76383333333333,11.156127923764439,0.30711073681472906,0
2026-03-02,S3,9.89,0,9.270777777777777,5.895418300136269,0.1050344845263839,0
2026-03-03,CloudFront,12.74,0,12.15461111111111,9.695959900670308,0.06037451628161334,0
2026-03-03,EC2,38.26,0,53.33305555555556,50.555400819931556,-0.2981492641951913,0
2026-03-03,Lambda,5.35,0,5.858611111111111,3.852479541654995,-0.13202175523886525,0
2026-03-03,RDS,23.21,0,22.76383333333333,11.156127923764439,0.03999296796483121,0
2026-03-03,S3,9.59,0,9.270777777777777,5.895418300136269,0.05414751014611535,0
2026-03-04,CloudFront,8.55,0,12.15461111111111,9.695959900670308,-0.3717642345923804,0
2026-03-04,EC2,40.94,0,53.33305555555556,50.555400819931556,-0.24513811293272506,0
2026-03-04,Lambda,5.49,0,5.858611111111111,3.852479541654995,-0.09568152332166793,0
2026-03-04,RDS,20.77,0,22.76383333333333,11.156127923764439,-0.17872090988542083,0
2026-03-04,S3,9.22,0,9.270777777777777,5.895418300136269,-0.008613091589548918,0
2026-03-05,CloudFront,9.92,0,12.15461111111111,9.695959900670308,-0.23046827070279302,0
2026-03-05,EC2,49.35,0,53.33305555555556,50.555400819931556,-0.07878595542625452,0
2026-03-05,Lambda,6.02,0,5.858611111111111,3.852479541654995,0.041892211793435497,0
2026-03-05,RDS,26.09,0,22.76383333333333,11.156127923764439,0.298147053296276,0
2026-03-05,S3,9.24,0,9.270777777777777,5.895418300136269,-0.005220626630864428,0
2026-03-06,CloudFront,11.36,0,12.15461111111111,9.695959900670308,-0.08195280500862813,0
2026-03-06,EC2,51.1,0,53.33305555555556,50.555400819931556,-0.044170464863076964,0
2026-03-06,Lambda,6.04,0,5.858611111111111,3.852479541654995,0.04708367349589236,0
2026-03-06,RDS,25.19,0,22.76383333333333,11.156127923764439,0.2174739016301996,0
2026-03-06,S3,10.06,0,9.270777777777777,5.895418300136269,0.13387043667520268,0
2026-03-07,CloudFront,7.54,0,12.15461111111111,9.695959900670308,-0.4759313320584267,0
2026-03-07,EC2,33.12,0,53.33305555555556,50.555400819931556,-0.39981990504932424,0
2026-03-07,Lambda,3.69,0,5.858611111111111,3.852479541654995,-0.5629130765427746,0
2026-03-07,RDS,20.36,0,22.76383333333333,11.156127923764439,-0.2154720123110779,0
2026-03-07,S3,9.55,0,9.270777777777777,5.895418300136269,0.04736258022874637,0
2026-03-08,CloudFront,7.8,0,12.15461111111111,9.695959900670308,-0.4491160396414247,0
2026-03-08,EC2,31.35,0,53.33305555555556,50.555400819931556,-0.43483100121893803,0
2026-03-08,Lambda,11.84,1,5.858611111111111,3.852479541654995,1.5526075672083468,0
2026-03-08,RDS,17.5,0,22.76383333333333,11.156127923764439,-0.47183336093883216,0
2026-03-08,S3,5.82,0,9.270777777777777,5.895418300136269,-0.5853321345659246,0
2026-03-09,CloudFront,12.2,0,12.15461111111111,9.695959900670308,0.004681216646301398,0
2026-03-09,EC2,37.33,0,53.33305555555556,50.555400819931556,-0.3165449248944799,0
2026-03-09,Lambda,6.13,0,5.858611111111111,3.852479541654995,0.07044525115694765,0
2026-03-09,RDS,28.99,0,22.76383333333333,11.156127923764439,0.5580938753314113,0
2026-03-09,S3,12.98,0,9.270777777777777,5.895418300136269,0.6291703206431487,0
2026-03-10,CloudFront,10.06,0,12.15461111111111,9.695959900670308,-0.21602926709363804,0
2026-03-10,EC2,52.32,0,53.33305555555556,50.555400819931556,-0.02003852287046177,0
2026-03-10,Lambda,4.31,0,5.858611111111111,3.852479541654995,-0.40197776376661576,0
2026-03-10,RDS,23.68,0,22.76383333333333,11.156127923764439,0.08212228050155997,0
2026-03-10,S3,7.81,0,9.270777777777777,5.895418300136269,-0.24778187117681072,0
2026-03-11,CloudFront,7.97,0,12.15461111111111,9.695959900670308,-0.43158296383030803,0
2026-03-11,EC2,52.78,0,53.33305555555556,50.555400819931556,-0.01093959392242651,0
2026-03-11,Lambda,5.15,0,5.858611111111111,3.852479541654995,-0.18393637226343248,0
2026-03-11,RDS,20.75,0,22.76383333333333,11.156127923764439,-0.18051364658911137,0
2026-03-11,S3,5.54,0,9.270777777777777,5.895418300136269,-0.6328266439875084,0
2026-03-12,CloudFront,13.6,0,12.15461111111111,9.695959900670308,0.14907125273785068,0
2026-03-12,EC2,40.84,0,53.33305555555556,50.555400819931556,-0.24711614096490653,0
2026-03-12,Lambda,6.96,0,5.858611111111111,3.852479541654995,0.28589091180890236,0
2026-03-12,RDS,21.33,0,22.76383333333333,11.156127923764439,-0.12852428218208442,0
2026-03-12,S3,8.29,0,9.270777777777777,5.895418300136269,-0.1663627121683813,0
2026-03-13,CloudFront,9.1,0,12.15461111111111,9.695959900670308,-0.31503957755641476,0
2026-03-13,EC2,40.03,0,53.33305555555556,50.555400819931556,-0.2631381680255773,0
2026-03-13,Lambda,3.96,0,5.858611111111111,3.852479541654995,-0.4928283435596086,0
2026-03-13,RDS,24.8,0,22.76383333333333,11.156127923764439,0.18251553590823305,0
2026-03-13,S3,9.79,0,9.270777777777777,5.895418300136269,0.08807215973296086,0
2026-03-14,CloudFront,8.14,0,12.15461111111111,9.695959900670308,-0.4140498880191913,0
2026-03-14,EC2,33.68,0,53.33305555555556,50.555400819931556,-0.38874294806910736,0
2026-03-14,Lambda,4.77,0,5.858611111111111,3.852479541654995,-0.2825741446101107,0
2026-03-14,RDS,15.54,0,22.76383333333333,11.156127923764439,-0.64752155790051,0
2026-03-14,S3,9.19,0,9.270777777777777,5.895418300136269,-0.013701789027575954,0
2026-03-15,CloudFront,7.64,0,12.15461111111111,9.695959900670308,-0.4656177580518875,0
2026-03-15,EC2,40.36,0,53.33305555555556,50.555400819931556,-0.25661067551937816,0
2026-03-15,Lambda,2.48,0,5.858611111111111,3.852479541654995,-0.8769965095414073,0
2026-03-15,RDS,21.41,0,22.76383333333333,11.156127923764439,-0.1213533353673219,0
2026-03-15,S3,5.65,0,9.270777777777777,5.895418300136269,-0.6141680867147433,0
2026-03-16,CloudFront,8.81,0,12.15461111111111,9.695959900670308,-0.3449489421753784,0
2026-03-16,EC2,47.94,0,53.33305555555556,50.555400819931556,-0.1066761506800148,0
2026-03-16,Lambda,7.7,0,5.858611111111111,3.852479541654995,0.4779749947998018,0
2026-03-16,RDS,24.51,0,22.76383333333333,11.156127923764439,0.1565208537047196,0
2026-03-16,S3,10.05,0,9.270777777777777,5.895418300136269,0.13217420419586043,0
2026-03-17,CloudFront,68.7,1,12.15461111111111,9.695959900670308,5.831850530340968,1
2026-03-17,EC2,43.71,0,53.33305555555556,50.555400819931556,-0.19034673644129538,0
2026-03-17,Lambda,5.12,0,5.858611111111111,3.852479541654995,-0.19172356481711766,0
2026-03-17,RDS,23.13,0,22.76383333333333,11.156127923764439,0.032822021150068686,0
2026-03-17,S3,6.92,0,9.270777777777777,5.895418300136269,-0.39874656183827367,0
2026-03-18,CloudFront,13.25,0,12.15461111111111,9.695959900670308,0.1129737437149634,0
2026-03-18,EC2,45.65,0,53.33305555555556,50.555400819931556,-0.15197299261697286,0
2026-03-18,Lambda,6.21,0,5.858611111111111,3.852479541654995,0.09121109796677462,0
2026-03-18,RDS,23.41,0,22.76383333333333,11.156127923764439,0.057920335001737044,0
2026-03-18,S3,12.36,0,9.270777777777777,5.895418300136269,0.5240039069239272,0
2026-03-19,CloudFront,10.24,0,12.15461111111111,9.695959900670308,-0.19746483388186745,0
2026-03-19,EC2,37.84,0,53.33305555555556,50.555400819931556,-0.30645698193035376,0
2026-03-19,Lambda,5.88,0,5.858611111111111,3.852479541654995,0.005551979876238403,0
2026-03-19,RDS,22.11,0,22.76383333333333,11.156127923764439,-0.05860755073815133,0
2026-03-19,S3,11.23,0,9.270777777777777,5.895418300136269,0.33232963675824956,0
2026-03-20,CloudFront,12.4,0,12.15461111111111,9.695959900670308,0.02530836465937997,0
2026-03-20,EC2,51.99,0,53.33305555555556,50.555400819931556,-0.026566015376660933,0
2026-03-20,Lambda,25.73,1,5.858611111111111,3.852479541654995,5.158077719564552,1
2026-03-20,RDS,17.24,0,22.76383333333333,11.156127923764439,-0.49513893808681,0
2026-03-20,S3,8.39,0,9.270777777777777,5.895418300136269,-0.14940038737495825,0
2026-03-21,CloudFront,8.47,0,12.15461111111111,9.695959900670308,-0.3800150937976118,0
2026-03-21,EC2,31.73,0,53.33305555555556,50.555400819931556,-0.42731449469664806,0
2026-03-21,Lambda,6.08,0,5.858611111111111,3.852479541654995,0.05746659690080585,0
2026-03-21,RDS,15.77,0,22.76383333333333,11.156127923764439,-0.6269050858080681,0
2026-03-21,S3,4.62,0,9.270777777777777,5.895418300136269,-0.7888800320869983,0
2026-03-22,CloudFront,9.48,0,12.15461111111111,9.695959900670308,-0.2758479963315656,0
2026-03-22,EC2,27.65,0,53.33305555555556,50.555400819931556,-0.5080180384096563,0
2026-03-22,Lambda,4.82,0,5.858611111111111,3.852479541654995,-0.2695954903539687,0
2026-03-22,RDS,21.01,0,22.76383333333333,11.156127923764439,-0.15720806944113355,0
2026-03-22,S3,8.53,0,9.270777777777777,5.895418300136269,-0.12565313266416653,0
2026-03-23,CloudFront,14.25,0,12.15461111111111,9.695959900670308,0.21610948378035572,0
2026-03-23,EC2,44.78,0,53.33305555555556,50.555400819931556,-0.1691818364969525,0
2026-03-23,Lambda,4.27,0,5.858611111111111,3.852479541654995,-0.41236068717152924,0
2026-03-23,RDS,23.77,0,22.76383333333333,11.156127923764439,0.0901895956681676,0
2026-03-23,S3,9.0,0,9.270777777777777,5.895418300136269,-0.04593020613507921,0
2026-03-24,CloudFront,11.14,0,12.15461111111111,9.695959900670308,-0.10464266782301432,0
2026-03-24,EC2,43.55,0,53.33305555555556,50.555400819931556,-0.19351158129278595,0
2026-03-24,Lambda,44.41,1,5.858611111111111,3.852479541654995,10.006902949659148,1
2026-03-24,RDS,26.61,0,22.76383333333333,11.156127923764439,0.3447582075922313,0
2026-03-24,S3,11.34,0,9.270777777777777,5.895418300136269,0.35098819403101456,0
2026-03-25,CloudFront,10.48,0,12.15461111111111,9.695959900670308,-0.17271225626617326,0
2026-03-25,EC2,48.88,0,53.33305555555556,50.555400819931556,-0.0880826871775079,0
2026-03-25,Lambda,5.98,0,5.858611111111111,3.852479541654995,0.03150928838852224,0
2026-03-25,RDS,26.72,0,22.76383333333333,11.156127923764439,0.3546182594625295,0
2026-03-25,S3,9.21,0,9.270777777777777,5.895418300136269,-0.010309324068891164,0
2026-03-26,CloudFront,9.46,0,12.15461111111111,9.695959900670308,-0.27791071113287336,0
2026-03-26,EC2,52.66,0,53.33305555555556,50.555400819931556,-0.013313227561044489,0
2026-03-26,Lambda,4.62,0,5.858611111111111,3.852479541654995,-0.32151010737853614,0
2026-03-26,RDS,22.87,0,22.76383333333333,11.156127923764439,0.009516444002091205,0
2026-03-26,S3,9.28,0,9.270777777777777,5.895418300136269,0.0015643032865045516,0
2026-03-27,CloudFront,8.34,0,12.15461111111111,9.695959900670308,-0.3934227400061129,0
2026-03-27,EC2,53.89,0,53.33305555555556,50.555400819931556,0.011016517234788963,0
2026-03-27,Lambda,6.93,0,5.858611111111111,3.852479541654995,0.2781037192552172,0
2026-03-27,RDS,25.25,0,22.76383333333333,11.156127923764439,0.22285211174127126,0
2026-03-27,S3,8.42,0,9.270777777777777,5.895418300136269,-0.14431168993693153,0
2026-03-28,CloudFront,5.76,0,12.15461111111111,9.695959900670308,-0.6595129493748251,0
2026-03-28,EC2,34.75,0,53.33305555555556,50.555400819931556,-0.3675780481247645,0
2026-03-28,Lambda,17.14,1,5.858611111111111,3.852479541654995,2.9283449183593833,0
2026-03-28,RDS,12.98,0,22.76383333333333,11.156127923764439,-0.8769918559729053,0
2026-03-28,S3,7.59,0,9.270777777777777,5.895418300136269,-0.2850989857223409,0
2026-03-29,CloudFront,7.36,0,12.15461111111111,9.695959900670308,-0.4944957652701973,0
2026-03-29,EC2,32.91,0,53.33305555555556,50.555400819931556,-0.40397376391690554,0
2026-03-29,Lambda,5.63,0,5.858611111111111,3.852479541654995,-0.05934129140447084,0
2026-03-29,RDS,20.77,0,22.76383333333333,11.156127923764439,-0.17872090988542083,0
2026-03-29,S3,6.95,0,9.270777777777777,5.895418300136269,-0.3936578644002468,0
2026-03-30,CloudFront,13.89,0,12.15461111111111,9.695959900670308,0.17898061735681453,0
2026-03-30,EC2,43.89,0,53.33305555555556,50.555400819931556,-0.18678628598336855,0
2026-03-30,Lambda,7.56,0,5.858611111111111,3.852479541654995,0.44163476288260445,0
2026-03-30,RDS,27.76,0,22.76383333333333,11.156127923764439,0.4478405680544404,0
2026-03-30,S3,10.09,0,9.270777777777777,5.895418300136269,0.1389591341132294,0
2026-03-31,CloudFront,13.06,0,12.15461111111111,9.695959900670308,0.09337795310253891,0
2026-03-31,EC2,30.73,0,53.33305555555556,50.555400819931556,-0.44709477501846384,0
2026-03-31,Lambda,5.57,0,5.858611111111111,3.852479541654995,-0.07491567651184096,0
2026-03-31,RDS,24.7,0,22.76383333333333,11.156127923764439,0.17355185238978,0
2026-03-31,S3,6.55,0,9.270777777777777,5.895418300136269,-0.4615071635739381,0
2026-04-01,CloudFront,10.38,0,12.15461111111111,9.695959900670308,-0.18302583027271246,0
2026-04-01,EC2,47.99,0,53.33305555555556,50.555400819931556,-0.10568713666392393,0
2026-04-01,Lambda,6.68,0,5.858611111111111,3.852479541654995,0.21321044797450794,0
2026-04-01,RDS,23.9,0,22.76383333333333,11.156127923764439,0.10184238424215634,0
2026-04-01,S3,11.4,0,9.270777777777777,5.895418300136269,0.3611655889070683,0
2026-04-02,CloudFront,16.46,0,12.15461111111111,9.695959900670308,0.4440394693248728,0
2026-04-02,EC2,48.6,0,53.33305555555556,50.555400819931556,-0.09362116566761634,0
2026-04-02,Lambda,5.35,0,5.858611111111111,3.852479541654995,-0.13202175523886525,0
2026-04-02,RDS,22.91,0,22.76383333333333,11.156127923764439,0.013101917409472306,0
2026-04-02,S3,11.88,0,9.270777777777777,5.895418300136269,0.4425847479154979,0
2026-04-03,CloudFront,10.11,0,12.15461111111111,9.695959900670308,-0.21087248009036852,0
2026-04-03,EC2,45.05,0,53.33305555555556,50.555400819931556,-0.16384116081006234,0
2026-04-03,Lambda,5.98,0,5.858611111111111,3.852479541654995,0.03150928838852224,0
2026-04-03,RDS,27.05,0,22.76383333333333,11.156127923764439,0.3841984150734244,0
2026-04-03,S3,9.4,0,9.270777777777777,5.895418300136269,0.021919093038612093,0
2026-04-04,CloudFront,10.71,0,12.15461111111111,9.695959900670308,-0.14899103605113298,0
2026-04-04,EC2,29.99,0,53.33305555555556,50.555400819931556,-0.4617321824566075,0
2026-04-04,Lambda,2.95,0,5.858611111111111,3.852479541654995,-0.7549971595336739,0
2026-04-04,RDS,18.97,0,22.76383333333333,11.156127923764439,-0.34006721321757394,0
2026-04-04,S3,9.43,0,9.270777777777777,5.895418300136269,0.02700779047663883,0
2026-04-05,CloudFront,11.15,0,12.15461111111111,9.695959900670308,-0.10361131042236042,0
2026-04-05,EC2,39.97,0,53.33305555555556,50.555400819931556,-0.2643249848448863,0
2026-04-05,Lambda,3.57,0,5.858611111111111,3.852479541654995,-0.594061846757515,0
2026-04-05,RDS,9.74,0,22.76383333333333,11.156127923764439,-1.1674152019707809,0
2026-04-05,S3,9.04,0,9.270777777777777,5.895418300136269,-0.03914527621771023,0
2026-04-06,CloudFront,12.56,0,12.15461111111111,9.695959900670308,0.041810083069842754,0
2026-04-06,EC2,45.89,0,53.33305555555556,50.555400819931556,-0.14722572533973705,0
2026-04-06,Lambda,6.41,0,5.858611111111111,3.852479541654995,0.14312571499134208,0
2026-04-06,RDS,21.75,0,22.76383333333333,11.156127923764439,-0.0908768114045819,0
2026-04-06,S3,10.31,0,9.270777777777777,5.895418300136269,0.1762762486587597,0
2026-04-07,CloudFront,9.94,0,12.15461111111111,9.695959900670308,-0.2284055559014852,0
2026-04-07,EC2,36.38,0,53.33305555555556,50.555400819931556,-0.3353361912002048,0
2026-04-07,Lambda,3.73,0,5.858611111111111,3.852479541654995,-0.5525301531378611,0
2026-04-07,RDS,19.14,0,22.76383333333333,11.156127923764439,-0.32482895123620376,0
2026-04-07,S3,11.56,0,9.270777777777777,5.895418300136269,0.3883053085765448,0
2026-04-08,CloudFront,10.66,0,12.15461111111111,9.695959900670308,-0.15414782305440267,0
2026-04-08,EC2,46.59,0,53.33305555555556,50.555400819931556,-0.13337952911446596,0
2026-04-08,Lambda,5.86,0,5.858611111111111,3.852479541654995,0.0003605181737817744,0
2026-04-08,RDS,18.53,0,22.76383333333333,11.156127923764439,-0.3795074206987667,0
2026-04-08,S3,11.03,0,9.270777777777777,5.895418300136269,0.29840498717140373,0
2026-04-09,CloudFront,92.8,1,12.15461111111111,9.695959900670308,8.317421865916922,1
2026-04-09,EC2,43.51,0,53.33305555555556,50.555400819931556,-0.19430279250565857,0
2026-04-09,Lambda,5.96,0,5.858611111111111,3.852479541654995,0.02631782668606538,0
2026-04-09,RDS,27.0,0,22.76383333333333,11.156127923764439,0.37971657331419784,0
2026-04-09,S3,6.17,0,9.270777777777777,5.895418300136269,-0.5259639977889448,0
2026-04-10,CloudFront,9.65,0,12.15461111111111,9.695959900670308,-0.2583149205204489,0
2026-04-10,EC2,48.75,0,53.33305555555556,50.555400819931556,-0.09065412361934401,0
2026-04-10,Lambda,6.45,0,5.858611111111111,3.852479541654995,0.15350863839625556,0
2026-04-10,RDS,22.84,0,22.76383333333333,11.156127923764439,0.006827338946555218,0
2026-04-10,S3,8.74,0,9.270777777777777,5.895418300136269,-0.09003225059797848,0
2026-04-11,CloudFront,10.71,0,12.15461111111111,9.695959900670308,-0.14899103605113298,0
2026-04-11,EC2,32.9,0,53.33305555555556,50.555400819931556,-0.40417156672012367,0
2026-04-11,Lambda,2.96,0,5.858611111111111,3.852479541654995,-0.7524014286824455,0
2026-04-11,RDS,18.22,0,22.76383333333333,11.156127923764439,-0.407294839605971,0
2026-04-11,S3,7.71,0,9.270777777777777,5.895418300136269,-0.26474419597023346,0
2026-04-12,CloudFront,9.66,0,12.15461111111111,9.695959900670308,-0.257283563119795,0
2026-04-12,EC2,35.44,0,53.33305555555556,50.555400819931556,-0.3539296547027117,0
2026-04-12,Lambda,2.81,0,5.858611111111111,3.852479541654995,-0.7913373914508711,0
2026-04-12,RDS,17.2,0,22.76383333333333,11.156127923764439,-0.49872441149419106,0
2026-04-12,S3,8.88,0,9.270777777777777,5.895418300136269,-0.06628499588718645,0
2026-04-13,CloudFront,14.16,0,12.15461111111111,9.695959900670308,0.20682726717447042,0
2026-04-13,EC2,45.96,0,53.33305555555556,50.555400819931556,-0.14584110571720993,0
2026-04-13,Lambda,6.89,0,5.858611111111111,3.852479541654995,0.2677207958503037,0
2026-04-13,RDS,18.57,0,22.76383333333333,11.156127923764439,-0.3759219472913856,0
2026-04-13,S3,6.82,0,9.270777777777777,5.895418300136269,-0.4157088866316965,0
2026-04-14,CloudFront,12.15,0,12.15461111111111,9.695959900670308,-0.00047557035696810734,0
2026-04-14,EC2,41.54,0,53.33305555555556,50.555400819931556,-0.23326994473963558,0
2026-04-14,Lambda,5.96,0,5.858611111111111,3.852479541654995,0.02631782668606538,0
2026-04-14,RDS,17.63,0,22.76383333333333,11.156127923764439,-0.46018057236484344,0
2026-04-14,S3,6.26,0,9.270777777777777,5.895418300136269,-0.5106979054748643,0
2026-04-15,CloudFront,9.87,0,12.15461111111111,9.695959900670308,-0.2356250577060627,0
2026-04-15,EC2,50.45,0,53.33305555555556,50.555400819931556,-0.05702764707225717,0
2026-04-15,Lambda,5.36,0,5.858611111111111,3.852479541654995,-0.12942602438763673,0
2026-04-15,RDS,21.52,0,22.76383333333333,11.156127923764439,-0.11149328349702371,0
2026-04-15,S3,9.1,0,9.270777777777777,5.895418300136269,-0.02896788134165646,0
2026-04-16,CloudFront,12.9,0,12.15461111111111,9.695959900670308,0.07687623469207613,0
2026-04-16,EC2,54.08,0,53.33305555555556,50.555400819931556,0.01477477049593391,0
2026-04-16,Lambda,3.96,0,5.858611111111111,3.852479541654995,-0.4928283435596086,0
2026-04-16,RDS,21.8,0,22.76383333333333,11.156127923764439,-0.08639496964535535,0
2026-04-16,S3,5.63,0,9.270777777777777,5.895418300136269,-0.6175605516734279,0
2026-04-17,CloudFront,14.52,0,12.15461111111111,9.695959900670308,0.2439561335980116,0
2026-04-17,EC2,54.01,0,53.33305555555556,50.555400819931556,0.013390150873406802,0
2026-04-17,Lambda,5.29,0,5.858611111111111,3.852479541654995,-0.1475961403462354,0
2026-04-17,RDS,21.8,0,22.76383333333333,11.156127923764439,-0.08639496964535535,0
2026-04-17,S3,9.05,0,9.270777777777777,5.895418300136269,-0.03744904373836769,0
2026-04-18,CloudFront,8.98,0,12.15461111111111,9.695959900670308,-0.32741586636426173,0
2026-04-18,EC2,31.9,0,53.33305555555556,50.555400819931556,-0.42395184704193944,0
2026-04-18,Lambda,3.33,0,5.858611111111111,3.852479541654995,-0.6563593871869958,0
2026-04-18,RDS,16.18,0,22.76383333333333,11.156127923764439,-0.5901539833824111,0
2026-04-18,S3,7.27,0,9.270777777777777,5.895418300136269,-0.3393784250612939,0
2026-04-19,CloudFront,6.93,0,12.15461111111111,9.695959900670308,-0.5388441334983161,0
2026-04-19,EC2,37.92,0,53.33305555555556,50.555400819931556,-0.30487455950460857,0
2026-04-19,Lambda,5.04,0,5.858611111111111,3.852479541654995,-0.21248941162694462,0
2026-04-19,RDS,22.3,0,22.76383333333333,11.156127923764439,-0.04157655205309062,0
2026-04-19,S3,5.6,0,9.270777777777777,5.895418300136269,-0.6226492491114548,0
2026-04-20,CloudFront,10.16,0,12.15461111111111,9.695959900670308,-0.20571569308709883,0
2026-04-20,EC2,310.35,1,53.33305555555556,50.555400819931556,5.083867208567656,1
2026-04-20,Lambda,4.23,0,5.858611111111111,3.852479541654995,-0.4227436105764425,0
2026-04-20,RDS,26.55,0,22.76383333333333,11.156127923764439,0.33937999748115966,0
2026-04-20,S3,9.09,0,9.270777777777777,5.895418300136269,-0.030664113820998706,0
2026-04-21,CloudFront,11.59,0,12.15461111111111,9.695959900670308,-0.05823158479358785,0
2026-04-21,EC2,51.02,0,53.33305555555556,50.555400819931556,-0.04575288728882219,0
2026-04-21,Lambda,5.49,0,5.858611111111111,3.852479541654995,-0.09568152332166793,0
2026-04-21,RDS,23.82,0,22.76383333333333,11.156127923764439,0.09467143742739415,0
2026-04-21,S3,10.85,0,9.270777777777777,5.895418300136269,0.26787280254324275,0
2026-04-22,CloudFront,14.85,0,12.15461111111111,9.695959900670308,0.27799092781959106,0
2026-04-22,EC2,39.89,0,53.33305555555556,50.555400819931556,-0.26590740727063156,0
2026-04-22,Lambda,6.69,0,5.858611111111111,3.852479541654995,0.2158061788257365,0
2026-04-22,RDS,22.75,0,22.76383333333333,11.156127923764439,-0.0012399762200524217,0
2026-04-22,S3,8.29,0,9.270777777777777,5.895418300136269,-0.1663627121683813,0
2026-04-23,CloudFront,15.64,0,12.15461111111111,9.695959900670308,0.3594681624712511,0
2026-04-23,EC2,48.72,0,53.33305555555556,50.555400819931556,-0.0912475320289985,0
2026-04-23,Lambda,6.46,0,5.858611111111111,3.852479541654995,0.1561043692474839,0
2026-04-23,RDS,22.87,0,22.76383333333333,11.156127923764439,0.009516444002091205,0
2026-04-23,S3,7.83,0,9.270777777777777,5.895418300136269,-0.2443894062181261,0
2026-04-24,CloudFront,9.54,0,12.15461111111111,9.695959900670308,-0.2696598519276422,0
2026-04-24,EC2,41.5,0,53.33305555555556,50.555400819931556,-0.2340611559525082,0
2026-04-24,Lambda,5.23,0,5.858611111111111,3.852479541654995,-0.1631705254536055,0
2026-04-24,RDS,25.53,0,22.76383333333333,11.156127923764439,0.24795042559293962,0
2026-04-24,S3,9.02,0,9.270777777777777,5.895418300136269,-0.04253774117639472,0
2026-04-25,CloudFront,9.11,0,12.15461111111111,9.695959900670308,-0.31400822015576085,0
2026-04-25,EC2,32.63,0,53.33305555555556,50.555400819931556,-0.40951224240701384,0
2026-04-25,Lambda,4.79,0,5.858611111111111,3.852479541654995,-0.2773826829076539,0
2026-04-25,RDS,16.79,0,22.76383333333333,11.156127923764439,-0.5354755139198482,0
2026-04-25,S3,5.48,0,9.270777777777777,5.895418300136269,-0.643004038863562,0
2026-04-26,CloudFront,7.49,0,12.15461111111111,9.695959900670308,-0.4810881190616963,0
2026-04-26,EC2,37.46,0,53.33305555555556,50.555400819931556,-0.31397348845264383,0
2026-04-26,Lambda,4.95,0,5.858611111111111,3.852479541654995,-0.2358509892879999,0
2026-04-26,RDS,19.34,0,22.76383333333333,11.156127923764439,-0.3069015841992979,0
2026-04-26,S3,9.31,0,9.270777777777777,5.895418300136269,0.0066530007245315876,0
2026-04-27,CloudFront,8.55,0,12.15461111111111,9.695959900670308,-0.3717642345923804,0
2026-04-27,EC2,38.92,0,53.33305555555556,50.555400819931556,-0.2850942791827928,0
2026-04-27,Lambda,5.9,0,5.858611111111111,3.852479541654995,0.010743441578695263,0
2026-04-27,RDS,24.2,0,22.76383333333333,11.156127923764439,0.12873343479751526,0
2026-04-27,S3,9.26,0,9.270777777777777,5.895418300136269,-0.0018281616721799383,0
2026-04-28,CloudFront,12.83,0,12.15461111111111,9.695959900670308,0.06965673288749864,0
2026-04-28,EC2,36.76,0,53.33305555555556,50.555400819931556,-0.3278196846779149,0
2026-04-28,Lambda,6.26,0,5.858611111111111,3.852479541654995,0.10418975222291643,0
2026-04-28,RDS,30.2,0,22.76383333333333,11.156127923764439,0.6665544459046921,0
2026-04-28,S3,7.99,0,9.270777777777777,5.895418300136269,-0.21724968654864957,0
2026-04-29,CloudFront,11.84,0,12.15461111111111,9.695959900670308,-0.032447649777239775,0
2026-04-29,EC2,47.06,0,53.33305555555556,50.555400819931556,-0.12408279736321258,0
2026-04-29,Lambda,5.5,0,5.858611111111111,3.852479541654995,-0.09308579247043962,0
2026-04-29,RDS,102.23,1,22.76383333333333,11.156127923764439,7.123095684246351,1
2026-04-29,S3,9.57,0,9.270777777777777,5.895418300136269,0.05075504518743086,0
2026-04-30,CloudFront,11.98,0,12.15461111111111,9.695959900670308,-0.018008646168084792,0
2026-04-30,EC2,47.49,0,53.33305555555556,50.555400819931556,-0.1155772768248318,0
2026-04-30,Lambda,7.05,0,5.858611111111111,3.852479541654995,0.30925248946995765,0
2026-04-30,RDS,19.76,0,22.76383333333333,11.156127923764439,-0.2692541134217954,0
2026-04-30,S3,9.01,0,9.270777777777777,5.895418300136269,-0.04423397365573697,0
2026-05-01,CloudFront,11.12,0,12.15461111111111,9.695959900670308,-0.1067053826243223,0
2026-05-01,EC2,50.5,0,53.33305555555556,50.555400819931556,-0.056038633056166444,0
2026-05-01,Lambda,5.66,0,5.858611111111111,3.852479541654995,-0.05155409885078567,0
2026-05-01,RDS,25.22,0,22.76383333333333,11.156127923764439,0.22016300668573527,0
2026-05-01,S3,8.82,0,9.270777777777777,5.895418300136269,-0.07646239076324023,0
2026-05-02,CloudFront,9.02,0,12.15461111111111,9.695959900670308,-0.32329043676164615,0
2026-05-02,EC2,36.22,0,53.33305555555556,50.555400819931556,-0.3385010360516954,0
2026-05-02,Lambda,3.06,0,5.858611111111111,3.852479541654995,-0.7264441201701619,0
2026-05-02,RDS,17.71,0,22.76383333333333,11.156127923764439,-0.4530096255500809,0
2026-05-02,S3,6.12,0,9.270777777777777,5.895418300136269,-0.5344451601856561,0
2026-05-03,CloudFront,8.95,0,12.15461111111111,9.695959900670308,-0.3305099385662236,0
2026-05-03,EC2,35.26,0,53.33305555555556,50.555400819931556,-0.3574901051606385,0
2026-05-03,Lambda,4.68,0,5.858611111111111,3.852479541654995,-0.30593572227116606,0
2026-05-03,RDS,15.34,0,22.76383333333333,11.156127923764439,-0.6654489249374158,0
2026-05-03,S3,6.07,0,9.270777777777777,5.895418300136269,-0.5429263225823675,0
2026-05-04,CloudFront,13.43,0,12.15461111111111,9.695959900670308,0.131538176926734,0
2026-05-04,EC2,42.09,0,53.33305555555556,50.555400819931556,-0.22239079056263683,0
2026-05-04,Lambda,4.55,0,5.858611111111111,3.852479541654995,-0.3396802233371348,0
2026-05-04,RDS,24.89,0,22.76383333333333,11.156127923764439,0.19058285107484071,0
2026-05-04,S3,6.59,0,9.270777777777777,5.895418300136269,-0.454722233656569,0
2026-05-05,CloudFront,9.63,0,12.15461111111111,9.695959900670308,-0.2603776353217567,0
2026-05-05,EC2,47.34,0,53.33305555555556,50.555400819931556,-0.11854431887310414,0
2026-05-05,Lambda,7.22,0,5.858611111111111,3.852479541654995,0.35337991394083995,0
2026-05-05,RDS,19.84,0,22.76383333333333,11.156127923764439,-0.2620831666070332,0
2026-05-05,S3,11.56,0,9.270777777777777,5.895418300136269,0.3883053085765448,0
2026-05-06,CloudFront,13.54,0,12.15461111111111,9.695959900670308,0.1428831083339271,0
2026-05-06,EC2,181.4,1,53.33305555555556,50.555400819931556,2.5332000610695156,0
2026-05-06,Lambda,6.22,0,5.858611111111111,3.852479541654995,0.09380682881800294,0
2026-05-06,RDS,22.89,0,22.76383333333333,11.156127923764439,0.011309180705781756,0
2026-05-06,S3,10.19,0,9.270777777777777,5.895418300136269,0.15592145890665216,0
2026-05-07,CloudFront,13.19,0,12.15461111111111,9.695959900670308,0.10678559931103981,0
2026-05-07,EC2,41.89,0,53.33305555555556,50.555400819931556,-0.22634684662700005,0
2026-05-07,Lambda,3.53,0,5.858611111111111,3.852479541654995,-0.6044447701624286,0
2026-05-07,RDS,29.91,0,22.76383333333333,11.156127923764439,0.6405597637011786,0
2026-05-07,S3,9.74,0,9.270777777777777,5.895418300136269,0.07959099733624962,0
2026-05-08,CloudFront,12.25,0,12.15461111111111,9.695959900670308,0.009838003649571088,0
2026-05-08,EC2,52.03,0,53.33305555555556,50.555400819931556,-0.02577480416378832,0
2026-05-08,Lambda,6.75,0,5.858611111111111,3.852479541654995,0.2313805639331066,0
2026-05-08,RDS,21.45,0,22.76383333333333,11.156127923764439,-0.1177678619599408,0
2026-05-08,S3,8.98,0,9.270777777777777,5.895418300136269,-0.049322671093763704,0
2026-05-09,CloudFront,8.55,0,12.15461111111111,9.695959900670308,-0.3717642345923804,0
2026-05-09,EC2,39.63,0,53.33305555555556,50.555400819931556,-0.2710502801543036,0
2026-05-09,Lambda,4.49,0,5.858611111111111,3.852479541654995,-0.3552546084445049,0
2026-05-09,RDS,17.17,0,22.76383333333333,11.156127923764439,-0.5014135165497268,0
2026-05-09,S3,5.58,0,9.270777777777777,5.895418300136269,-0.6260417140701393,0
2026-05-10,CloudFront,8.34,0,12.15461111111111,9.695959900670308,-0.3934227400061129,0
2026-05-10,EC2,30.81,0,53.33305555555556,50.555400819931556,-0.4455123525927186,0
2026-05-10,Lambda,4.86,0,5.858611111111111,3.852479541654995,-0.2592125669490552,0
2026-05-10,RDS,14.25,0,22.76383333333333,11.156127923764439,-0.7631530752885529,0
2026-05-10,S3,26.9,1,9.270777777777777,5.895418300136269,2.990325931887604,0
2026-05-11,CloudFront,11.3,0,12.15461111111111,9.695959900670308,-0.08814094941255153,0
2026-05-11,EC2,39.5,0,53.33305555555556,50.555400819931556,-0.2736217165961397,0
2026-05-11,Lambda,5.8,0,5.858611111111111,3.852479541654995,-0.015213866933588574,0
2026-05-11,RDS,25.31,0,22.76383333333333,11.156127923764439,0.2282303218523429,0
2026-05-11,S3,6.75,0,9.270777777777777,5.895418300136269,-0.42758251398709246,0
2026-05-12,CloudFront,11.57,0,12.15461111111111,9.695959900670308,-0.060294299594895656,0
2026-05-12,EC2,48.44,0,53.33305555555556,50.555400819931556,-0.09678601051910693,0
2026-05-12,Lambda,7.16,0,5.858611111111111,3.852479541654995,0.3378055288334698,0
2026-05-12,RDS,20.34,0,22.76383333333333,11.156127923764439,-0.21726474901476847,0
2026-05-12,S3,7.87,0,9.270777777777777,5.895418300136269,-0.23760447630075696,0
2026-05-13,CloudFront,8.07,0,12.15461111111111,9.695959900670308,-0.42126938982376877,0
2026-05-13,EC2,51.41,0,53.33305555555556,50.555400819931556,-0.038038577963314175,0
2026-05-13,Lambda,4.96,0,5.858611111111111,3.852479541654995,-0.2332552584367716,0
2026-05-13,RDS,24.02,0,22.76383333333333,11.156127923764439,0.11259880446429997,0
2026-05-13,S3,8.59,0,9.270777777777777,5.895418300136269,-0.11547573778811276,0
2026-05-14,CloudFront,16.79,0,12.15461111111111,9.695959900670308,0.4780742635464521,0
2026-05-14,EC2,38.12,0,53.33305555555556,50.555400819931556,-0.30091850344024546,0
2026-05-14,Lambda,6.81,0,5.858611111111111,3.852479541654995,0.24695494904047674,0
2026-05-14,RDS,26.47,0,22.76383333333333,11.156127923764439,0.3322090506663971,0
2026-05-14,S3,11.02,0,9.270777777777777,5.895418300136269,0.2967087546920615,0
2026-05-15,CloudFront,13.97,0,12.15461111111111,9.695959900670308,0.18723147656204595,0
2026-05-15,EC2,41.56,0,53.33305555555556,50.555400819931556,-0.23287433913319922,0
2026-05-15,Lambda,6.11,0,5.858611111111111,3.852479541654995,0.06525378945449102,0
2026-05-15,RDS,22.13,0,22.76383333333333,11.156127923764439,-0.05681481403446079,0
2026-05-15,S3,10.33,0,9.270777777777777,5.895418300136269,0.1796687136174442,0
2026-05-16,CloudFront,11.58,0,12.15461111111111,9.695959900670308,-0.059262942194241754,0
2026-05-16,EC2,37.73,0,53.33305555555556,50.555400819931556,-0.3086328127657536,0
2026-05-16,Lambda,2.82,0,5.858611111111111,3.852479541654995,-0.7887416605996428,0
2026-05-16,RDS,18.44,0,22.76383333333333,11.156127923764439,-0.38757473586537433,0
2026-05-16,S3,9.83,0,9.270777777777777,5.895418300136269,0.09485708965033013,0
2026-05-17,CloudFront,9.56,0,12.15461111111111,9.695959900670308,-0.2675971371263342,0
2026-05-17,EC2,32.98,0,53.33305555555556,50.555400819931556,-0.4025891442943784,0
2026-05-17,Lambda,2.76,0,5.858611111111111,3.852479541654995,-0.804316045707013,0
2026-05-17,RDS,17.91,0,22.76383333333333,11.156127923764439,-0.43508225851317506,0
2026-05-17,S3,8.09,0,9.270777777777777,5.895418300136269,-0.20028736175522682,0
2026-05-18,CloudFront,10.07,0,12.15461111111111,9.695959900670308,-0.21499790969298413,0
2026-05-18,EC2,61.72,0,53.33305555555556,50.555400819931556,0.16589611215460626,0
2026-05-18,Lambda,5.4,0,5.858611111111111,3.852479541654995,-0.11904310098272324,0
2026-05-18,RDS,26.61,0,22.76383333333333,11.156127923764439,0.3447582075922313,0
2026-05-18,S3,8.53,0,9.270777777777777,5.895418300136269,-0.12565313266416653,0
2026-05-19,CloudFront,53.34,1,12.15461111111111,9.695959900670308,4.2476855629365415,1
2026-05-19,EC2,46.54,0,53.33305555555556,50.555400819931556,-0.13436854313055682,0
2026-05-19,Lambda,4.82,0,5.858611111111111,3.852479541654995,-0.2695954903539687,0
2026-05-19,RDS,24.97,0,22.76383333333333,11.156127923764439,0.1977537978896029,0
2026-05-19,S3,8.05,0,9.270777777777777,5.895418300136269,-0.2070722916725958,0
2026-05-20,CloudFront,11.02,0,12.15461111111111,9.695959900670308,-0.11701895663086151,0
2026-05-20,EC2,251.98,1,53.33305555555556,50.555400819931556,3.929292246183271,1
2026-05-20,Lambda,3.53,0,5.858611111111111,3.852479541654995,-0.6044447701624286,0
2026-05-20,RDS,27.45,0,22.76383333333333,11.156127923764439,0.420053149147236,0
2026-05-20,S3,5.9,0,9.270777777777777,5.895418300136269,-0.5717622747311863,0
2026-05-21,CloudFront,9.54,0,12.15461111111111,9.695959900670308,-0.2696598519276422,0
2026-05-21,EC2,51.62,0,53.33305555555556,50.555400819931556,-0.03388471909573285,0
2026-05-21,Lambda,4.36,0,5.858611111111111,3.852479541654995,-0.38899910951047373,0
2026-05-21,RDS,22.1,0,22.76383333333333,11.156127923764439,-0.05950391908999645,0
2026-05-21,S3,10.82,0,9.270777777777777,5.895418300136269,0.262784105105216,0
2026-05-22,CloudFront,15.34,0,12.15461111111111,9.695959900670308,0.32852744045163335,0
2026-05-22,EC2,341.69,1,53.33305555555556,50.555400819931556,5.703781193853361,1
2026-05-22,Lambda,5.56,0,5.858611111111111,3.852479541654995,-0.07751140736306951,0
2026-05-22,RDS,18.59,0,22.76383333333333,11.156127923764439,-0.37412921058769505,0
2026-05-22,S3,8.58,0,9.270777777777777,5.895418300136269,-0.117171970267455,0
2026-05-23,CloudFront,9.17,0,12.15461111111111,9.695959900670308,-0.30782007575183723,0
2026-05-23,EC2,37.03,0,53.33305555555556,50.555400819931556,-0.32247900899102455,0
2026-05-23,Lambda,3.55,0,5.858611111111111,3.852479541654995,-0.5992533084599718,0
2026-05-23,RDS,12.81,0,22.76383333333333,11.156127923764439,-0.8922301179542753,0
2026-05-23,S3,6.5,0,9.270777777777777,5.895418300136269,-0.4699883259706495,0
2026-05-24,CloudFront,10.53,0,12.15461111111111,9.695959900670308,-0.16755546926290377,0
2026-05-24,EC2,32.08,0,53.33305555555556,50.555400819931556,-0.4203913965840126,0
2026-05-24,Lambda,6.21,0,5.858611111111111,3.852479541654995,0.09121109796677462,0
2026-05-24,RDS,13.04,0,22.76383333333333,11.156127923764439,-0.8716136458618337,0
2026-05-24,S3,6.31,0,9.270777777777777,5.895418300136269,-0.5022167430781529,0
2026-05-25,CloudFront,68.71,1,12.15461111111111,9.695959900670308,5.832881887741621,1
2026-05-25,EC2,50.47,0,53.33305555555556,50.555400819931556,-0.05663204146582094,0
2026-05-25,Lambda,4.99,0,5.858611111111111,3.852479541654995,-0.22546806588308643,0
2026-05-25,RDS,21.95,0,22.76383333333333,11.156127923764439,-0.07294944436767606,0
2026-05-25,S3,8.49,0,9.270777777777777,5.895418300136269,-0.1324380625815355,0
2026-05-26,CloudFront,8.17,0,12.15461111111111,9.695959900670308,-0.41095581581722956,0
2026-05-26,EC2,40.68,0,53.33305555555556,50.555400819931556,-0.25028098581639713,0
2026-05-26,Lambda,7.09,0,5.858611111111111,3.852479541654995,0.3196354128748711,0
2026-05-26,RDS,23.59,0,22.76383333333333,11.156127923764439,0.07405496533495233,0
2026-05-26,S3,4.88,0,9.270777777777777,5.895418300136269,-0.7447779876240991,0
2026-05-27,CloudFront,8.96,0,12.15461111111111,9.695959900670308,-0.32947858116556955,0
2026-05-27,EC2,43.05,0,53.33305555555556,50.555400819931556,-0.20340172145369384,0
2026-05-27,Lambda,7.61,0,5.858611111111111,3.852479541654995,0.4546134171387465,0
2026-05-27,RDS,20.58,0,22.76383333333333,11.156127923764439,-0.19575190857048153,0
2026-05-27,S3,10.38,0,9.270777777777777,5.895418300136269,0.18814987601415573,0
2026-05-28,CloudFront,9.62,0,12.15461111111111,9.695959900670308,-0.2614089927224108,0
2026-05-28,EC2,49.62,0,53.33305555555556,50.555400819931556,-0.07344527973936435,0
2026-05-28,Lambda,5.15,0,5.858611111111111,3.852479541654995,-0.18393637226343248,0
2026-05-28,RDS,15.24,0,22.76383333333333,11.156127923764439,-0.6744126084558687,0
2026-05-28,S3,9.87,0,9.270777777777777,5.895418300136269,0.10164201956769911,0
2026-05-29,CloudFront,6.68,0,12.15461111111111,9.695959900670308,-0.5646280685146642,0
2026-05-29,EC2,56.14,0,53.33305555555556,50.555400819931556,0.0555221479588744,0
2026-05-29,Lambda,5.06,0,5.858611111111111,3.852479541654995,-0.207297949924488,0
2026-05-29,RDS,20.64,0,22.76383333333333,11.156127923764439,-0.19037369845940957,0
2026-05-29,S3,9.05,0,9.270777777777777,5.895418300136269,-0.03744904373836769,0
2026-05-30,CloudFront,5.61,0,12.15461111111111,9.695959900670308,-0.6749833103846339,0
2026-05-30,EC2,38.49,0,53.33305555555556,50.555400819931556,-0.29359979972117356,0
2026-05-30,Lambda,3.83,0,5.858611111111111,3.852479541654995,-0.5265728446255774,0
2026-05-30,RDS,15.84,0,22.76383333333333,11.156127923764439,-0.6206305073451511,0
2026-05-30,S3,5.88,0,9.270777777777777,5.895418300136269,-0.575154739689871,0
2026-05-31,CloudFront,10.98,0,12.15461111111111,9.695959900670308,-0.1211443862334771,0
2026-05-31,EC2,34.22,0,53.33305555555556,50.555400819931556,-0.37806159669532685,0
2026-05-31,Lambda,4.11,0,5.858611111111111,3.852479541654995,-0.45389238079118294,0
2026-05-31,RDS,16.95,0,22.76383333333333,11.156127923764439,-0.5211336202903234,0
2026-05-31,S3,6.12,0,9.270777777777777,5.895418300136269,-0.5344451601856561,0
2026-06-01,CloudFront,14.18,0,12.15461111111111,9.695959900670308,0.2088899819757782,0
2026-06-01,EC2,40.49,0,53.33305555555556,50.555400819931556,-0.25403923907754206,0
2026-06-01,Lambda,5.32,0,5.858611111111111,3.852479541654995,-0.1398089477925502,0
2026-06-01,RDS,27.99,0,22.76383333333333,11.156127923764439,0.4684570401468819,0
2026-06-01,S3,12.72,0,9.270777777777777,5.895418300136269,0.5850682761802495,0
2026-06-02,CloudFront,10.18,0,12.15461111111111,9.695959900670308,-0.20365297828579104,0
2026-06-02,EC2,53.95,0,53.33305555555556,50.555400819931556,0.012203334054097952,0
2026-06-02,Lambda,4.4,0,5.858611111111111,3.852479541654995,-0.3786161861055602,0
2026-06-02,RDS,16.71,0,22.76383333333333,11.156127923764439,-0.5426464607346103,0
2026-06-02,S3,11.99,0,9.270777777777777,5.895418300136269,0.4612433051882629,0
2026-06-03,CloudFront,16.59,0,12.15461111111111,9.695959900670308,0.4574471155333737,0
2026-06-03,EC2,47.75,0,53.33305555555556,50.555400819931556,-0.11043440394115976,0
2026-06-03,Lambda,6.15,0,5.858611111111111,3.852479541654995,0.07563671285940451,0
2026-06-03,RDS,25.35,0,22.76383333333333,11.156127923764439,0.23181579525972434,0
2026-06-03,S3,8.23,0,9.270777777777777,5.895418300136269,-0.1765401070444348,0
2026-06-04,CloudFront,10.82,0,12.15461111111111,9.695959900670308,-0.1376461046439399,0
2026-06-04,EC2,47.48,0,53.33305555555556,50.555400819931556,-0.11577507962805007,0
2026-06-04,Lambda,5.32,0,5.858611111111111,3.852479541654995,-0.1398089477925502,0
2026-06-04,RDS,24.99,0,22.76383333333333,11.156127923764439,0.19954653459329347,0
2026-06-04,S3,7.47,0,9.270777777777777,5.895418300136269,-0.30545377547444824,0
2026-06-05,CloudFront,15.78,0,12.15461111111111,9.695959900670308,0.3739071660804059,0
2026-06-05,EC2,54.26,0,53.33305555555556,50.555400819931556,0.01833522095386074,0
2026-06-05,Lambda,8.46,0,5.858611111111111,3.852479541654995,0.675250539493158,0
2026-06-05,RDS,22.13,0,22.76383333333333,11.156127923764439,-0.05681481403446079,0
2026-06-05,S3,8.41,0,9.270777777777777,5.895418300136269,-0.14600792241627378,0
2026-06-06,CloudFront,11.71,0,12.15461111111111,9.695959900670308,-0.045855295985740674,0
2026-06-06,EC2,34.03,0,53.33305555555556,50.555400819931556,-0.38181984995647184,0
2026-06-06,Lambda,5.05,0,5.858611111111111,3.852479541654995,-0.20989368077571632,0
2026-06-06,RDS,18.0,0,22.76383333333333,11.156127923764439,-0.4270149433465674,0
2026-06-06,S3,6.41,0,9.270777777777777,5.895418300136269,-0.48525441828473,0
2026-06-07,CloudFront,7.44,0,12.15461111111111,9.695959900670308,-0.4862449060649659,0
2026-06-07,EC2,34.99,0,53.33305555555556,50.555400819931556,-0.3628307808475287,0
2026-06-07,Lambda,3.94,0,5.858611111111111,3.852479541654995,-0.49801980526206535,0
2026-06-07,RDS,16.52,0,22.76383333333333,11.156127923764439,-0.5596774594196711,0
2026-06-07,S3,5.35,0,9.270777777777777,5.895418300136269,-0.6650550610950119,0
2026-06-08,CloudFront,13.4,0,12.15461111111111,9.695959900670308,0.12844410472477227,0
2026-06-08,EC2,47.01,0,53.33305555555556,50.555400819931556,-0.12507181137930345,0
2026-06-08,Lambda,6.42,0,5.858611111111111,3.852479541654995,0.14572144584257038,0
2026-06-08,RDS,24.91,0,22.76383333333333,11.156127923764439,0.19237558777853125,0
2026-06-08,S3,9.66,0,9.270777777777777,5.895418300136269,0.06602113750151137,0
2026-06-09,CloudFront,14.07,0,12.15461111111111,9.695959900670308,0.19754505056858512,0
2026-06-09,EC2,46.95,0,53.33305555555556,50.555400819931556,-0.1262586281986123,0
2026-06-09,Lambda,6.38,0,5.858611111111111,3.852479541654995,0.1353385224376569,0
2026-06-09,RDS,20.0,0,22.76383333333333,11.156127923764439,-0.24774127297750848,0
2026-06-09,S3,8.94,0,9.270777777777777,5.895418300136269,-0.05610760101113298,0
2026-06-10,CloudFront,10.01,0,12.15461111111111,9.695959900670308,-0.22118605409690772,0
2026-06-10,EC2,41.08,0,53.33305555555556,50.555400819931556,-0.24236887368767085,0
2026-06-10,Lambda,7.0,0,5.858611111111111,3.852479541654995,0.29627383521381584,0
2026-06-10,RDS,19.6,0,22.76383333333333,11.156127923764439,-0.28359600705132015,0
2026-06-10,S3,8.5,0,9.270777777777777,5.895418300136269,-0.13074183010219326,0
2026-06-11,CloudFront,5.12,0,12.15461111111111,9.695959900670308,-0.7255198230166761,0
2026-06-11,EC2,35.72,0,53.33305555555556,50.555400819931556,-0.34839117621260324,0
2026-06-11,Lambda,3.74,0,5.858611111111111,3.852479541654995,-0.5499344222866327,0
2026-06-11,RDS,16.4,0,22.76383333333333,11.156127923764439,-0.5704338796418147,0
2026-06-11,S3,8.16,0,9.270777777777777,5.895418300136269,-0.1884137343998308,0
2026-06-12,CloudFront,13.34,0,12.15461111111111,9.695959900670308,0.12225596032084869,0
2026-06-12,EC2,48.05,0,53.33305555555556,50.555400819931556,-0.10450031984461508,0
2026-06-12,Lambda,4.3,0,5.858611111111111,3.852479541654995,-0.40457349461784403,0
2026-06-12,RDS,24.37,0,22.76383333333333,11.156127923764439,0.1439716967788854,0
2026-06-12,S3,10.51,0,9.270777777777777,5.895418300136269,0.2102008982456052,0
2026-06-13,CloudFront,7.07,0,12.15461111111111,9.695959900670308,-0.5244051298891611,0
2026-06-13,EC2,30.2,0,53.33305555555556,50.555400819931556,-0.45757832358902617,0
2026-06-13,Lambda,3.54,0,5.858611111111111,3.852479541654995,-0.6018490393112002,0
2026-06-13,RDS,15.46,0,22.76383333333333,11.156127923764439,-0.6546925047152722,0
2026-06-13,S3,5.88,0,9.270777777777777,5.895418300136269,-0.575154739689871,0
2026-06-14,CloudFront,8.27,0,12.15461111111111,9.695959900670308,-0.40064224181069036,0
2026-06-14,EC2,32.58,0,53.33305555555556,50.555400819931556,-0.4105012564231047,0
2026-06-14,Lambda,4.24,0,5.858611111111111,3.852479541654995,-0.42014787972521417,0
2026-06-14,RDS,12.95,0,22.76383333333333,11.156127923764439,-0.8796809610284413,0
2026-06-14,S3,9.9,0,9.270777777777777,5.895418300136269,0.10673071700572614,0
2026-06-15,CloudFront,11.94,0,12.15461111111111,9.695959900670308,-0.022134075770700583,0
2026-06-15,EC2,49.16,0,53.33305555555556,50.555400819931556,-0.08254420868739962,0
2026-06-15,Lambda,1.75,0,5.858611111111111,3.852479541654995,-1.0664848616810783,0
2026-06-15,RDS,19.66,0,22.76383333333333,11.156127923764439,-0.2782177969402485,0
2026-06-15,S3,9.49,0,9.270777777777777,5.895418300136269,0.0371851853526926,0
2026-06-16,CloudFront,12.83,0,12.15461111111111,9.695959900670308,0.06965673288749864,0
2026-06-16,EC2,38.69,0,53.33305555555556,50.555400819931556,-0.2896437436568105,0
2026-06-16,Lambda,4.75,0,5.858611111111111,3.852479541654995,-0.28776560631256737,0
2026-06-16,RDS,24.9,0,22.76383333333333,11.156127923764439,0.19147921942668583,0
2026-06-16,S3,9.35,0,9.270777777777777,5.895418300136269,0.013437930641900568,0
2026-06-17,CloudFront,10.7,0,12.15461111111111,9.695959900670308,-0.15002239345178708,0
2026-06-17,EC2,59.74,0,53.33305555555556,50.555400819931556,0.12673115711741112,0
2026-06-17,Lambda,7.27,0,5.858611111111111,3.852479541654995,0.36635856819698176,0
2026-06-17,RDS,23.55,0,22.76383333333333,11.156127923764439,0.07046949192757122,0
2026-06-17,S3,10.04,0,9.270777777777777,5.895418300136269,0.13047797171651787,0
2026-06-18,CloudFront,12.1,0,12.15461111111111,9.695959900670308,-0.005632357360237796,0
2026-06-18,EC2,56.6,0,53.33305555555556,50.555400819931556,0.06462107690690966,0
2026-06-18,Lambda,4.45,0,5.858611111111111,3.852479541654995,-0.36563753184941844,0
2026-06-18,RDS,19.77,0,22.76383333333333,11.156127923764439,-0.2683577450699503,0
2026-06-18,S3,11.93,0,9.270777777777777,5.895418300136269,0.4510659103122091,0
2026-06-19,CloudFront,14.26,0,12.15461111111111,9.695959900670308,0.21714084118100963,0
2026-06-19,EC2,46.09,0,53.33305555555556,50.555400819931556,-0.14326966927537382,0
2026-06-19,Lambda,6.03,0,5.858611111111111,3.852479541654995,0.04448794264466405,0
2026-06-19,RDS,27.82,0,22.76383333333333,11.156127923764439,0.45321877816551204,0
2026-06-19,S3,8.17,0,9.270777777777777,5.895418300136269,-0.18671750192048855,0
2026-06-20,CloudFront,5.21,0,12.15461111111111,9.695959900670308,-0.7162376064107908,0
2026-06-20,EC2,35.88,0,53.33305555555556,50.555400819931556,-0.34522633136111264,0
2026-06-20,Lambda,4.51,0,5.858611111111111,3.852479541654995,-0.3500631467420483,0
2026-06-20,RDS,16.81,0,22.76383333333333,11.156127923764439,-0.5336827772161576,0
2026-06-20,S3,7.55,0,9.270777777777777,5.895418300136269,-0.29188391563971,0
2026-06-21,CloudFront,19.04,1,12.15461111111111,9.695959900670308,0.7101296786935848,0
2026-06-21,EC2,32.11,0,53.33305555555556,50.555400819931556,-0.4197979881743581,0
2026-06-21,Lambda,4.59,0,5.858611111111111,3.852479541654995,-0.32929729993222134,0
2026-06-21,RDS,18.2,0,22.76383333333333,11.156127923764439,-0.4090875763096616,0
2026-06-21,S3,7.49,0,9.270777777777777,5.895418300136269,-0.3020613105157636,0
2026-06-22,CloudFront,8.8,0,12.15461111111111,9.695959900670308,-0.3459802995760323,0
2026-06-22,EC2,284.42,1,53.33305555555556,50.555400819931556,4.570964539822974,1
2026-06-22,Lambda,6.57,0,5.858611111111111,3.852479541654995,0.18465740861099603,0
2026-06-22,RDS,23.48,0,22.76383333333333,11.156127923764439,0.06419491346465413,0
2026-06-22,S3,10.99,0,9.270777777777777,5.895418300136269,0.2916200572540348,0
2026-06-23,CloudFront,11.82,0,12.15461111111111,9.695959900670308,-0.03451036457854758,0
2026-06-23,EC2,48.9,0,53.33305555555556,50.555400819931556,-0.08768708157107168,0
2026-06-23,Lambda,6.91,0,5.858611111111111,3.852479541654995,0.27291225755276055,0
2026-06-23,RDS,22.02,0,22.76383333333333,11.156127923764439,-0.06667486590475898,0
2026-06-23,S3,8.73,0,9.270777777777777,5.895418300136269,-0.09172848307732073,0
2026-06-24,CloudFront,7.43,0,12.15461111111111,9.695959900670308,-0.4872762634656199,0
2026-06-24,EC2,50.98,0,53.33305555555556,50.555400819931556,-0.04654409850169494,0
2026-06-24,Lambda,7.51,0,5.858611111111111,3.852479541654995,0.42865610862646264,0
2026-06-24,RDS,24.38,0,22.76383333333333,11.156127923764439,0.14486806513073053,0
2026-06-24,S3,10.83,0,9.270777777777777,5.895418300136269,0.26448033758455824,0
2026-06-25,CloudFront,10.43,0,12.15461111111111,9.695959900670308,-0.17786904326944294,0
2026-06-25,EC2,43.27,0,53.33305555555556,50.555400819931556,-0.19905005978289425,0
2026-06-25,Lambda,5.32,0,5.858611111111111,3.852479541654995,-0.1398089477925502,0
2026-06-25,RDS,26.97,0,22.76383333333333,11.156127923764439,0.37702746825866185,0
2026-06-25,S3,8.03,0,9.270777777777777,5.895418300136269,-0.2104647566312806,0
2026-06-26,CloudFront,7.83,0,12.15461111111111,9.695959900670308,-0.44602196743946293,0
2026-06-26,EC2,42.24,0,53.33305555555556,50.555400819931556,-0.2194237485143645,0
2026-06-26,Lambda,4.79,0,5.858611111111111,3.852479541654995,-0.2773826829076539,0
2026-06-26,RDS,21.96,0,22.76383333333333,11.156127923764439,-0.07205307601583064,0
2026-06-26,S3,5.35,0,9.270777777777777,5.895418300136269,-0.6650550610950119,0
2026-06-27,CloudFront,9.37,0,12.15461111111111,9.695959900670308,-0.2871929277387589,0
2026-06-27,EC2,28.64,0,53.33305555555556,50.555400819931556,-0.4884355608910587,0
2026-06-27,Lambda,4.61,0,5.858611111111111,3.852479541654995,-0.32410583822976446,0
2026-06-27,RDS,18.91,0,22.76383333333333,11.156127923764439,-0.3454454233286456,0
2026-06-27,S3,4.79,0,9.270777777777777,5.895418300136269,-0.7600440799381796,0
2026-06-28,CloudFront,7.59,0,12.15461111111111,9.695959900670308,-0.4707745450551571,0
2026-06-28,EC2,37.9,0,53.33305555555556,50.555400819931556,-0.30527016511104493,0
2026-06-28,Lambda,20.36,1,5.858611111111111,3.852479541654995,3.764170252454918,1
2026-06-28,RDS,15.21,0,22.76383333333333,11.156127923764439,-0.6771017135114046,0
2026-06-28,S3,6.82,0,9.270777777777777,5.895418300136269,-0.4157088866316965,0
2026-06-29,CloudFront,11.44,0,12.15461111111111,9.695959900670308,-0.07370194580339674,0
2026-06-29,EC2,58.2,0,53.33305555555556,50.555400819931556,0.0962695254218149,0
2026-06-29,Lambda,5.97,0,5.858611111111111,3.852479541654995,0.028913557537293695,0
2026-06-29,RDS,29.28,0,22.76383333333333,11.156127923764439,0.5840885575349252,0
2026-06-29,S3,10.74,0,9.270777777777777,5.895418300136269,0.24921424527047775,0
2026-06-30,CloudFront,15.58,0,12.15461111111111,9.695959900670308,0.3532800180673275,0
2026-06-30,EC2,51.94,0,53.33305555555556,50.555400819931556,-0.027555029392751805,0
2026-06-30,Lambda,5.8,0,5.858611111111111,3.852479541654995,-0.015213866933588574,0
2026-06-30,RDS,20.14,0,22.76383333333333,11.156127923764439,-0.2351921160516743,0
2026-06-30,S3,9.36,0,9.270777777777777,5.895418300136269,0.015134163121242813,0
2026-07-01,CloudFront,10.11,0,12.15461111111111,9.695959900670308,-0.21087248009036852,0
2026-07-01,EC2,190.78,1,53.33305555555556,50.555400819931556,2.7187390904881474,0
2026-07-01,Lambda,6.49,0,5.858611111111111,3.852479541654995,0.16389156180116904,0
2026-07-01,RDS,30.67,0,22.76383333333333,11.156127923764439,0.7086837584414212,0
2026-07-01,S3,9.48,0,9.270777777777777,5.895418300136269,0.035488952873350355,0
2026-07-02,CloudFront,12.58,0,12.15461111111111,9.695959900670308,0.04387279787115056,0
2026-07-02,EC2,41.93,0,53.33305555555556,50.555400819931556,-0.22555563541412743,0
2026-07-02,Lambda,8.24,0,5.858611111111111,3.852479541654995,0.6181444607661338,0
2026-07-02,RDS,18.73,0,22.76383333333333,11.156127923764439,-0.36158005366186086,0
2026-07-02,S3,10.18,0,9.270777777777777,5.895418300136269,0.1542252264273099,0
2026-07-03,CloudFront,13.26,0,12.15461111111111,9.695959900670308,0.1140051011156173,0
2026-07-03,EC2,44.63,0,53.33305555555556,50.555400819931556,-0.17214887854522484,0
2026-07-03,Lambda,6.04,0,5.858611111111111,3.852479541654995,0.04708367349589236,0
2026-07-03,RDS,21.78,0,22.76383333333333,11.156127923764439,-0.08818770634904591,0
2026-07-03,S3,10.08,0,9.270777777777777,5.895418300136269,0.13726290163388716,0
2026-07-04,CloudFront,10.59,0,12.15461111111111,9.695959900670308,-0.16136732485898017,0
2026-07-04,EC2,41.96,0,53.33305555555556,50.555400819931556,-0.22496222700447294,0
2026-07-04,Lambda,5.59,0,5.858611111111111,3.852479541654995,-0.06972421480938433,0
2026-07-04,RDS,112.75,1,22.76383333333333,11.156127923764439,8.0660751903876,1
2026-07-04,S3,8.39,0,9.270777777777777,5.895418300136269,-0.14940038737495825,0
2026-07-05,CloudFront,8.33,0,12.15461111111111,9.695959900670308,-0.3944540974067668,0
2026-07-05,EC2,28.5,0,53.33305555555556,50.555400819931556,-0.49120480013611295,0
2026-07-05,Lambda,4.77,0,5.858611111111111,3.852479541654995,-0.2825741446101107,0
2026-07-05,RDS,19.46,0,22.76383333333333,11.156127923764439,-0.2961451639771543,0
2026-07-05,S3,6.18,0,9.270777777777777,5.895418300136269,-0.5242677653096025,0
2026-07-06,CloudFront,11.03,0,12.15461111111111,9.695959900670308,-0.1159875992302076,0
2026-07-06,EC2,45.4,0,53.33305555555556,50.555400819931556,-0.1569180626974268,0
2026-07-06,Lambda,5.96,0,5.858611111111111,3.852479541654995,0.02631782668606538,0
2026-07-06,RDS,30.63,0,22.76383333333333,11.156127923764439,0.7050982850340397,0
2026-07-06,S3,9.9,0,9.270777777777777,5.895418300136269,0.10673071700572614,0
2026-07-07,CloudFront,10.98,0,12.15461111111111,9.695959900670308,-0.1211443862334771,0
2026-07-07,EC2,54.87,0,53.33305555555556,50.555400819931556,0.030401191950168334,0
2026-07-07,Lambda,5.24,0,5.858611111111111,3.852479541654995,-0.1605747946023772,0
2026-07-07,RDS,22.7,0,22.76383333333333,11.156127923764439,-0.005721817979278959,0
2026-07-07,S3,11.8,0,9.270777777777777,5.895418300136269,0.4290148880807596,0
2026-07-08,CloudFront,12.34,0,12.15461111111111,9.695959900670308,0.019120220255456382,0
2026-07-08,EC2,53.61,0,53.33305555555556,50.555400819931556,0.00547803874468053,0
2026-07-08,Lambda,5.97,0,5.858611111111111,3.852479541654995,0.028913557537293695,0
2026-07-08,RDS,31.9,0,22.76383333333333,11.156127923764439,0.8189370657183921,0
2026-07-08,S3,9.89,0,9.270777777777777,5.895418300136269,0.1050344845263839,0
2026-07-09,CloudFront,14.93,0,12.15461111111111,9.695959900670308,0.28624178702482245,0
2026-07-09,EC2,46.34,0,53.33305555555556,50.555400819931556,-0.1383245991949199,0
2026-07-09,Lambda,5.9,0,5.858611111111111,3.852479541654995,0.010743441578695263,0
2026-07-09,RDS,20.23,0,22.76383333333333,11.156127923764439,-0.22712480088506665,0
2026-07-09,S3,11.42,0,9.270777777777777,5.895418300136269,0.3645580538657528,0
2026-07-10,CloudFront,10.88,0,12.15461111111111,9.695959900670308,-0.1314579602400163,0
2026-07-10,EC2,59.5,0,53.33305555555556,50.555400819931556,0.12198388984017532,0
2026-07-10,Lambda,4.94,0,5.858611111111111,3.852479541654995,-0.23844672013922824,0
2026-07-10,RDS,28.65,0,22.76383333333333,11.156127923764439,0.5276173513686714,0
2026-07-10,S3,8.43,0,9.270777777777777,5.895418300136269,-0.14261545745758927,0
2026-07-11,CloudFront,4.38,0,12.15461111111111,9.695959900670308,-0.8018402706650665,0
2026-07-11,EC2,33.14,0,53.33305555555556,50.555400819931556,-0.3994242994428879,0
2026-07-11,Lambda,3.77,0,5.858611111111111,3.852479541654995,-0.5421472297329476,0
2026-07-11,RDS,18.45,0,22.76383333333333,11.156127923764439,-0.38667836751352924,0
2026-07-11,S3,8.03,0,9.270777777777777,5.895418300136269,-0.2104647566312806,0
2026-07-12,CloudFront,10.0,0,12.15461111111111,9.695959900670308,-0.2222174114975616,0
2026-07-12,EC2,34.26,0,53.33305555555556,50.555400819931556,-0.3772703854824543,0
2026-07-12,Lambda,14.22,1,5.858611111111111,3.852479541654995,2.170391509800699,0
2026-07-12,RDS,21.15,0,22.76383333333333,11.156127923764439,-0.14465891251529972,0
2026-07-12,S3,8.04,0,9.270777777777777,5.895418300136269,-0.20876852415193833,0
2026-07-13,CloudFront,11.65,0,12.15461111111111,9.695959900670308,-0.05204344038966426,0
2026-07-13,EC2,35.09,0,53.33305555555556,50.555400819931556,-0.36085275281534707,0
2026-07-13,Lambda,5.6,0,5.858611111111111,3.852479541654995,-0.06712848395815602,0
2026-07-13,RDS,20.99,0,22.76383333333333,11.156127923764439,-0.15900080614482442,0
2026-07-13,S3,6.38,0,9.270777777777777,5.895418300136269,-0.4903431157227569,0
2026-07-14,CloudFront,12.69,0,12.15461111111111,9.695959900670308,0.055217729278343654,0
2026-07-14,EC2,53.36,0,53.33305555555556,50.555400819931556,0.0005329686642265922,0
2026-07-14,Lambda,3.41,0,5.858611111111111,3.852479541654995,-0.6355935403771689,0
2026-07-14,RDS,19.5,0,22.76383333333333,11.156127923764439,-0.2925596905697732,0
2026-07-14,S3,9.68,0,9.270777777777777,5.895418300136269,0.06941360246019586,0
2026-07-15,CloudFront,7.91,0,12.15461111111111,9.695959900670308,-0.43777110823423154,0
2026-07-15,EC2,49.95,0,53.33305555555556,50.555400819931556,-0.06691778723316505,0
2026-07-15,Lambda,3.79,0,5.858611111111111,3.852479541654995,-0.5369557680304908,0
2026-07-15,RDS,23.12,0,22.76383333333333,11.156127923764439,0.031925652798223576,0
2026-07-15,S3,9.49,0,9.270777777777777,5.895418300136269,0.0371851853526926,0
2026-07-16,CloudFront,10.28,0,12.15461111111111,9.695959900670308,-0.19333940427925184,0
2026-07-16,EC2,46.41,0,53.33305555555556,50.555400819931556,-0.13693997957239293,0
2026-07-16,Lambda,5.28,0,5.858611111111111,3.852479541654995,-0.1501918711974637,0
2026-07-16,RDS,20.34,0,22.76383333333333,11.156127923764439,-0.21726474901476847,0
2026-07-16,S3,10.64,0,9.270777777777777,5.895418300136269,0.23225192047705498,0
2026-07-17,CloudFront,13.33,0,12.15461111111111,9.695959900670308,0.1212246029201948,0
2026-07-17,EC2,43.2,0,53.33305555555556,50.555400819931556,-0.20043467940542137,0
2026-07-17,Lambda,4.34,0,5.858611111111111,3.852479541654995,-0.39419057121293055,0
2026-07-17,RDS,23.81,0,22.76383333333333,11.156127923764439,0.09377506907554871,0
2026-07-17,S3,9.51,0,9.270777777777777,5.895418300136269,0.04057765031137709,0
2026-07-18,CloudFront,6.37,0,12.15461111111111,9.695959900670308,-0.5966001479349357,0
2026-07-18,EC2,34.88,0,53.33305555555556,50.555400819931556,-0.3650066116829284,0
2026-07-18,Lambda,4.1,0,5.858611111111111,3.852479541654995,-0.4564881116424115,0
2026-07-18,RDS,13.03,0,22.76383333333333,11.156127923764439,-0.872510014213679,0
2026-07-18,S3,74.86,1,9.270777777777777,5.895418300136269,11.125456902813184,1
2026-07-19,CloudFront,9.29,0,12.15461111111111,9.695959900670308,-0.29544378694399026,0
2026-07-19,EC2,31.36,0,53.33305555555556,50.555400819931556,-0.4346331984157199,0
2026-07-19,Lambda,5.2,0,5.858611111111111,3.852479541654995,-0.17095771800729068,0
2026-07-19,RDS,11.92,0,22.76383333333333,11.156127923764439,-0.9720069012685066,0
2026-07-19,S3,6.94,0,9.270777777777777,5.895418300136269,-0.39535409687958906,0
2026-07-20,CloudFront,11.42,0,12.15461111111111,9.695959900670308,-0.07576466060470453,0
2026-07-20,EC2,43.96,0,53.33305555555556,50.555400819931556,-0.18540166636084143,0
2026-07-20,Lambda,7.26,0,5.858611111111111,3.852479541654995,0.36376283734575343,0
2026-07-20,RDS,24.29,0,22.76383333333333,11.156127923764439,0.1368007499641229,0
2026-07-20,S3,10.45,0,9.270777777777777,5.895418300136269,0.20002350336955144,0
2026-07-21,CloudFront,9.81,0,12.15461111111111,9.695959900670308,-0.2418132021099861,0
2026-07-21,EC2,48.08,0,53.33305555555556,50.555400819931556,-0.10390691143496059,0
2026-07-21,Lambda,5.49,0,5.858611111111111,3.852479541654995,-0.09568152332166793,0
2026-07-21,RDS,28.77,0,22.76383333333333,11.156127923764439,0.538373771590815,0
2026-07-21,S3,7.84,0,9.270777777777777,5.895418300136269,-0.24269317373878385,0
2026-07-22,CloudFront,9.64,0,12.15461111111111,9.695959900670308,-0.2593462779211028,0
2026-07-22,EC2,49.34,0,53.33305555555556,50.555400819931556,-0.07898375822947265,0
2026-07-22,Lambda,4.43,0,5.858611111111111,3.852479541654995,-0.37082899355187526,0
2026-07-22,RDS,24.45,0,22.76383333333333,11.156127923764439,0.15114264359364762,0
2026-07-22,S3,10.01,0,9.270777777777777,5.895418300136269,0.12538927427849114,0
2026-07-23,CloudFront,9.16,0,12.15461111111111,9.695959900670308,-0.30885143315249114,0
2026-07-23,EC2,49.17,0,53.33305555555556,50.555400819931556,-0.08234640588418135,0
2026-07-23,Lambda,4.34,0,5.858611111111111,3.852479541654995,-0.39419057121293055,0
2026-07-23,RDS,24.93,0,22.76383333333333,11.156127923764439,0.1941683244822218,0
2026-07-23,S3,11.95,0,9.270777777777777,5.895418300136269,0.4544583752708936,0
2026-07-24,CloudFront,11.64,0,12.15461111111111,9.695959900670308,-0.053074797790318165,0
2026-07-24,EC2,41.92,0,53.33305555555556,50.555400819931556,-0.22575343821734553,0
2026-07-24,Lambda,7.66,0,5.858611111111111,3.852479541654995,0.4675920713948883,0
2026-07-24,RDS,23.26,0,22.76383333333333,11.156127923764439,0.04447480972405775,0
2026-07-24,S3,8.32,0,9.270777777777777,5.895418300136269,-0.16127401473035427,0
2026-07-25,CloudFront,8.8,0,12.15461111111111,9.695959900670308,-0.3459802995760323,0
2026-07-25,EC2,26.4,0,53.33305555555556,50.555400819931556,-0.5327433888119261,0
2026-07-25,Lambda,5.01,0,5.858611111111111,3.852479541654995,-0.2202766041806298,0
2026-07-25,RDS,17.43,0,22.76383333333333,11.156127923764439,-0.4781079394017492,0
2026-07-25,S3,5.54,0,9.270777777777777,5.895418300136269,-0.6328266439875084,0
2026-07-26,CloudFront,7.88,0,12.15461111111111,9.695959900670308,-0.4408651804361933,0
2026-07-26,EC2,28.81,0,53.33305555555556,50.555400819931556,-0.4850729132363501,0
2026-07-26,Lambda,4.07,0,5.858611111111111,3.852479541654995,-0.4642753041960964,0
2026-07-26,RDS,13.4,0,22.76383333333333,11.156127923764439,-0.839344385195403,0
2026-07-26,S3,6.64,0,9.270777777777777,5.895418300136269,-0.4462410712598576,0
2026-07-27,CloudFront,9.03,0,12.15461111111111,9.695959900670308,-0.32225907936099224,0
2026-07-27,EC2,54.93,0,53.33305555555556,50.555400819931556,0.03158800876947732,0
2026-07-27,Lambda,5.84,0,5.858611111111111,3.852479541654995,-0.004830943528675085,0
2026-07-27,RDS,20.46,0,22.76383333333333,11.156127923764439,-0.20650832879262485,0
2026-07-27,S3,9.3,0,9.270777777777777,5.895418300136269,0.004956768245189343,0
2026-07-28,CloudFront,4.78,0,12.15461111111111,9.695959900670308,-0.7605859746389094,0
2026-07-28,EC2,43.47,0,53.33305555555556,50.555400819931556,-0.1950940037185312,0
2026-07-28,Lambda,5.49,0,5.858611111111111,3.852479541654995,-0.09568152332166793,0
2026-07-28,RDS,27.26,0,22.76383333333333,11.156127923764439,0.40302215046217565,0
2026-07-28,S3,11.09,0,9.270777777777777,5.895418300136269,0.3085823820474575,0
2026-07-29,CloudFront,12.5,0,12.15461111111111,9.695959900670308,0.035621938665919166,0
2026-07-29,EC2,46.07,0,53.33305555555556,50.555400819931556,-0.14366527488181022,0
2026-07-29,Lambda,6.33,0,5.858611111111111,3.852479541654995,0.12235986818151509,0
2026-07-29,RDS,19.23,0,22.76383333333333,11.156127923764439,-0.3167616360695961,0
2026-07-29,S3,8.93,0,9.270777777777777,5.895418300136269,-0.05780383349047523,0
2026-07-30,CloudFront,13.58,0,12.15461111111111,9.695959900670308,0.14700853793654287,0
2026-07-30,EC2,51.35,0,53.33305555555556,50.555400819931556,-0.039225394782623026,0
2026-07-30,Lambda,5.72,0,5.858611111111111,3.852479541654995,-0.035979713743415555,0
2026-07-30,RDS,21.91,0,22.76383333333333,11.156127923764439,-0.07653491777505717,0
2026-07-30,S3,39.5,1,9.270777777777777,5.895418300136269,5.127578855858879,1
2026-07-31,CloudFront,12.92,0,12.15461111111111,9.695959900670308,0.07893894949338393,0
2026-07-31,EC2,335.88,1,53.33305555555556,50.555400819931556,5.5888577651836115,1
2026-07-31,Lambda,6.56,0,5.858611111111111,3.852479541654995,0.18206167775976748,0
2026-07-31,RDS,27.19,0,22.76383333333333,11.156127923764439,0.39674757199925853,0
2026-07-31,S3,10.67,0,9.270777777777777,5.895418300136269,0.23734061791508174,0
2026-08-01,CloudFront,12.0,0,12.15461111111111,9.695959900670308,-0.01594593136677699,0
2026-08-01,EC2,37.63,0,53.33305555555556,50.555400819931556,-0.3106108407979351,0
2026-08-01,Lambda,4.86,0,5.858611111111111,3.852479541654995,-0.2592125669490552,0
2026-08-01,RDS,17.36,0,22.76383333333333,11.156127923764439,-0.48438251786466635,0
2026-08-01,S3,3.84,0,9.270777777777777,5.895418300136269,-0.9211861654756963,0
